source,day_utc,study_type,city,country,title,pmid,paper,sra_uid,bioproject,sra_link,ingested_utc
sra_search,2026-01-21,other,,,,,,42591334,,https://www.ncbi.nlm.nih.gov/sra/?term=42591334,2026-01-22T00:10:53+00:00
sra_search,2026-01-21,other,,,,,,42591333,,https://www.ncbi.nlm.nih.gov/sra/?term=42591333,2026-01-22T00:10:53+00:00
sra_search,2026-01-21,other,,,,,,42591332,,https://www.ncbi.nlm.nih.gov/sra/?term=42591332,2026-01-22T00:10:53+00:00
sra_search,2026-01-21,other,,,,,,42591331,,https://www.ncbi.nlm.nih.gov/sra/?term=42591331,2026-01-22T00:10:53+00:00
sra_search,2026-01-21,other,,,,,,42591330,,https://www.ncbi.nlm.nih.gov/sra/?term=42591330,2026-01-22T00:10:53+00:00
sra_search,2026-01-21,other,,,,,,42591329,,https://www.ncbi.nlm.nih.gov/sra/?term=42591329,2026-01-22T00:10:53+00:00
sra_search,2026-01-21,other,,,,,,42591328,,https://www.ncbi.nlm.nih.gov/sra/?term=42591328,2026-01-22T00:10:53+00:00
sra_search,2026-01-21,other,,,,,,42591327,,https://www.ncbi.nlm.nih.gov/sra/?term=42591327,2026-01-22T00:10:53+00:00
sra_search,2026-01-21,other,,,,,,42591266,,https://www.ncbi.nlm.nih.gov/sra/?term=42591266,2026-01-22T00:10:53+00:00
sra_search,2026-01-21,other,,,,,,42591265,,https://www.ncbi.nlm.nih.gov/sra/?term=42591265,2026-01-22T00:10:53+00:00
sra_search,2026-01-21,other,,,,,,42591264,,https://www.ncbi.nlm.nih.gov/sra/?term=42591264,2026-01-22T00:10:53+00:00
sra_search,2026-01-21,other,,,,,,42591263,,https://www.ncbi.nlm.nih.gov/sra/?term=42591263,2026-01-22T00:10:53+00:00
sra_search,2026-01-21,other,,,,,,42591262,,https://www.ncbi.nlm.nih.gov/sra/?term=42591262,2026-01-22T00:10:53+00:00
sra_search,2026-01-21,other,,,,,,42591261,,https://www.ncbi.nlm.nih.gov/sra/?term=42591261,2026-01-22T00:10:53+00:00
sra_search,2026-01-21,other,,,,,,42591260,,https://www.ncbi.nlm.nih.gov/sra/?term=42591260,2026-01-22T00:10:53+00:00
sra_search,2026-01-21,other,,,,,,42591259,,https://www.ncbi.nlm.nih.gov/sra/?term=42591259,2026-01-22T00:10:53+00:00
sra_search,2026-01-21,other,,,,,,42591258,,https://www.ncbi.nlm.nih.gov/sra/?term=42591258,2026-01-22T00:10:53+00:00
sra_search,2026-01-21,other,,,,,,42591257,,https://www.ncbi.nlm.nih.gov/sra/?term=42591257,2026-01-22T00:10:53+00:00
sra_search,2026-01-21,other,,,,,,42591256,,https://www.ncbi.nlm.nih.gov/sra/?term=42591256,2026-01-22T00:10:53+00:00
sra_search,2026-01-21,other,,,,,,42591255,,https://www.ncbi.nlm.nih.gov/sra/?term=42591255,2026-01-22T00:10:53+00:00
sra_search,2026-01-21,other,,,,,,42591254,,https://www.ncbi.nlm.nih.gov/sra/?term=42591254,2026-01-22T00:10:53+00:00
sra_search,2026-01-21,other,,,,,,42591253,,https://www.ncbi.nlm.nih.gov/sra/?term=42591253,2026-01-22T00:10:53+00:00
sra_search,2026-01-21,other,,,,,,42591252,,https://www.ncbi.nlm.nih.gov/sra/?term=42591252,2026-01-22T00:10:53+00:00
sra_search,2026-01-21,other,,,,,,42591251,,https://www.ncbi.nlm.nih.gov/sra/?term=42591251,2026-01-22T00:10:53+00:00
sra_search,2026-01-21,other,,,,,,42591250,,https://www.ncbi.nlm.nih.gov/sra/?term=42591250,2026-01-22T00:10:53+00:00
sra_search,2026-01-21,other,,,,,,42591249,,https://www.ncbi.nlm.nih.gov/sra/?term=42591249,2026-01-22T00:10:53+00:00
sra_search,2026-01-21,other,,,,,,42591248,,https://www.ncbi.nlm.nih.gov/sra/?term=42591248,2026-01-22T00:10:53+00:00
sra_search,2026-01-21,other,,,,,,42591247,,https://www.ncbi.nlm.nih.gov/sra/?term=42591247,2026-01-22T00:10:53+00:00
sra_search,2026-01-21,other,,,,,,42591246,,https://www.ncbi.nlm.nih.gov/sra/?term=42591246,2026-01-22T00:10:53+00:00
sra_search,2026-01-21,other,,,,,,42591245,,https://www.ncbi.nlm.nih.gov/sra/?term=42591245,2026-01-22T00:10:53+00:00
sra_search,2026-01-21,other,,,,,,42591244,,https://www.ncbi.nlm.nih.gov/sra/?term=42591244,2026-01-22T00:10:53+00:00
sra_search,2026-01-21,other,,,,,,42591243,,https://www.ncbi.nlm.nih.gov/sra/?term=42591243,2026-01-22T00:10:53+00:00
sra_search,2026-01-21,other,,,,,,42591203,,https://www.ncbi.nlm.nih.gov/sra/?term=42591203,2026-01-22T00:10:53+00:00
sra_search,2026-01-21,other,,,,,,42591202,,https://www.ncbi.nlm.nih.gov/sra/?term=42591202,2026-01-22T00:10:53+00:00
sra_search,2026-01-21,other,,,,,,42591201,,https://www.ncbi.nlm.nih.gov/sra/?term=42591201,2026-01-22T00:10:53+00:00
sra_search,2026-01-21,other,,,,,,42591200,,https://www.ncbi.nlm.nih.gov/sra/?term=42591200,2026-01-22T00:10:53+00:00
sra_search,2026-01-21,other,,,,,,42591199,,https://www.ncbi.nlm.nih.gov/sra/?term=42591199,2026-01-22T00:10:53+00:00
sra_search,2026-01-21,other,,,,,,42591198,,https://www.ncbi.nlm.nih.gov/sra/?term=42591198,2026-01-22T00:10:53+00:00
sra_search,2026-01-21,other,,,,,,42591197,,https://www.ncbi.nlm.nih.gov/sra/?term=42591197,2026-01-22T00:10:53+00:00
sra_search,2026-01-21,other,,,,,,42591196,,https://www.ncbi.nlm.nih.gov/sra/?term=42591196,2026-01-22T00:10:53+00:00
sra_search,2026-01-21,other,,,,,,42591195,,https://www.ncbi.nlm.nih.gov/sra/?term=42591195,2026-01-22T00:10:53+00:00
sra_search,2026-01-21,other,,,,,,42591194,,https://www.ncbi.nlm.nih.gov/sra/?term=42591194,2026-01-22T00:10:53+00:00
sra_search,2026-01-21,other,,,,,,42591193,,https://www.ncbi.nlm.nih.gov/sra/?term=42591193,2026-01-22T00:10:53+00:00
sra_search,2026-01-21,other,,,,,,42591192,,https://www.ncbi.nlm.nih.gov/sra/?term=42591192,2026-01-22T00:10:53+00:00
sra_search,2026-01-21,other,,,,,,42591134,,https://www.ncbi.nlm.nih.gov/sra/?term=42591134,2026-01-22T00:10:53+00:00
sra_search,2026-01-21,other,,,,,,42591133,,https://www.ncbi.nlm.nih.gov/sra/?term=42591133,2026-01-22T00:10:53+00:00
sra_search,2026-01-21,other,,,,,,42590910,,https://www.ncbi.nlm.nih.gov/sra/?term=42590910,2026-01-22T00:10:53+00:00
sra_search,2026-01-21,other,,,,,,42590909,,https://www.ncbi.nlm.nih.gov/sra/?term=42590909,2026-01-22T00:10:53+00:00
sra_search,2026-01-21,other,,,,,,42590908,,https://www.ncbi.nlm.nih.gov/sra/?term=42590908,2026-01-22T00:10:53+00:00
sra_search,2026-01-21,other,,,,,,42590907,,https://www.ncbi.nlm.nih.gov/sra/?term=42590907,2026-01-22T00:10:53+00:00
sra_search,2026-01-21,other,,,,,,42590906,,https://www.ncbi.nlm.nih.gov/sra/?term=42590906,2026-01-22T00:10:53+00:00
sra_search,2026-01-21,other,,,,,,42590905,,https://www.ncbi.nlm.nih.gov/sra/?term=42590905,2026-01-22T00:10:53+00:00
sra_search,2026-01-21,other,,,,,,42590904,,https://www.ncbi.nlm.nih.gov/sra/?term=42590904,2026-01-22T00:10:53+00:00
sra_search,2026-01-21,other,,,,,,42590903,,https://www.ncbi.nlm.nih.gov/sra/?term=42590903,2026-01-22T00:10:53+00:00
sra_search,2026-01-21,other,,,,,,42590902,,https://www.ncbi.nlm.nih.gov/sra/?term=42590902,2026-01-22T00:10:53+00:00
sra_search,2026-01-21,other,,,,,,42590901,,https://www.ncbi.nlm.nih.gov/sra/?term=42590901,2026-01-22T00:10:53+00:00
sra_search,2026-01-21,other,,,,,,42590900,,https://www.ncbi.nlm.nih.gov/sra/?term=42590900,2026-01-22T00:10:53+00:00
sra_search,2026-01-21,other,,,,,,42590899,,https://www.ncbi.nlm.nih.gov/sra/?term=42590899,2026-01-22T00:10:53+00:00
